Model,MAE_train,RMSE_train,R2_train,MAE_test,RMSE_test,R2_test
OLS,25.153588139529127,29.275938509270485,0.06298761845993295,24.75375455432999,28.82121803958149,0.00849088275045784
RidgeCV,25.49726913099599,29.47238712983259,0.05037026835168601,24.869708905386464,28.83388761378394,0.0076189723827179145
LassoCV,25.762828123454298,29.795621257840306,0.02942619166854732,24.923147125589242,28.924457290357708,0.0013748758759998259
ElasticNetCV,25.762828123454298,29.795621257840306,0.02942619166854732,24.923147125589242,28.924457290357708,0.0013748758759998259
